accident_id,date,time,am_pm,location,description,autonomous_mode,vehicle_1_make,vehicle_1_model,vehicle_1_year,vehicle_1_moving,vehicle_2_make,vehicle_2_model,vehicle_2_year,vehicle_2_moving,weather_conditions,road_conditions,lighting_conditions,roadway_surface,associated_factors,impact_points,vehicle_damage,Unnamed: 22,ground_truth
0,9/16/2019,10:00,AM,"Mountain View, Santa Clara","On 09/16/2019 at approximately 9:55 AM, an  Aimotive autonomous test vehicle was being driven manually southbound, on US Free way 101, between Old Middlefield Rd. and Shoreline Blvd. The car was in the rightmost lane, which splits off into an exit lane for Shoreline Blvd. Traffic in front of the autonomous test vehicle had slowed down to a stop to take this exit, causing this lane to be backed up. The driver of the autonomous vehicle applied normal braking force to come to a stop. Shortly thereafter, the autonomous test vehicle was rear-ended by a Honda -CRV. No major bodily injuries were reported from either party in the crash. Damage to the autonomous vehicle was minor;  the car had small scratches. The Honda -CRV's driver airbag was deployed and the front bumper of the car was partially hanging out of the car's body frame. Drivers from both parties exchanged information and took pictures of the damage. The passenger of the autonomous test vehicle contacted 911 approximately at 10:05 AM and requested a CHP officer on scene. The CHP officer arrived approximately 45 minutes after the initial call and took down a report. After both parties had exchanged information, the officer dismissed both parties. The Aimotive vehicle was driven manually back to the office.",No,Toyota,Prius,2010,No,,Honda CRV,2007,Yes,"weather_a_1, weather_a_2","road_conditions_h_1, road_conditions_h_2","lighting_a_1, lighting_a_2","roadway_b_1, roadway_b_2",other_a_yes,"left_rear_1, rear_bumper, right_rear_1",MINOR,,Vehicle 2: 100%
1,9/19/2019,7:58,AM,"Sunnyvale, Santa Clara","On September 19th, 2019 at 7:58am an Apple test vehicle, which was conducting a manually driven test mission, was struck while stopped in the left turn lane preparing to exit the Sunnyvale Community Center Park onto Manet Drive. The Apple test vehicle was stopped when the Toyota Corolla, traveling at approximately 6 mph, swung wide outside of its lane while making a right turn into the Sunnyvale Community Center Park entrance from Manet Drive and struck the Apple test vehicle. Both vehicles sustained minor damage to the driver's side front bumpers. The drivers exchanged information. No injuries were reported. The police were not called. ",No,Lexus,RX 450h,2017,No,,Toyota Corolla,2019,Yes,"weather_a_1, weather_a_2","road_conditions_h_1, road_conditions_h_2","lighting_a_1, lighting_a_2","roadway_a_1, roadway_a_2",Not specified,left_front_corner_3,MINOR,,Undetermined
2,1/10/2019,2:52,AM,"San Francisco, San Francisco","On 01/10/19 at 2:52pm, an Aurora vehicle, while stopped at a red traffic light in manual mode on Townsend and 3rd, was struck in the rear bumber by a Honda CR-V approaching from behind. There was moderate damage to the Aurora vehicle's right sensor, mount, and side quarter panel. There was minimal damage to the Honda's front right bumper. Both vehicles were operational and pulled over on a side street to exchange vehicle and insurance information. No injuries were reported and no police were requested nor present at the scene.",No,Lincoln,MKZ,2017,No,,Honda CR-V,2004,Yes,"weather_a_1, weather_a_2","road_conditions_h_1, road_conditions_h_2","lighting_a_1, lighting_a_2","roadway_a_1, roadway_a_2","other_a_no, other_h_no","rear_bumper, right_rear_1, right_rear_3",UNK,,Vehicle 2: 100%
3,10/17/2019,1:05,AM,"San Francisco, San Francisco","A Cruise autonomous vehicle (“Cruise AV”), operating in autonomous mode, was stopped at a red light on southbound Hyde Street at the intersection with Sutter Street when another vehicle behind the Cruise AV attempted to change into the right adjacent lane and made contact with the right rear corner of the Cruise AV, damaging the Cruise AV’s right rear radar and assembly. There were no injuries and police were not called.",Yes,Cheverolet,Bolt,2020,No,,Prius,2010,Yes,"weather_e_1, weather_e_2","road_conditions_h_1, road_conditions_h_2","lighting_c_1, lighting_c_2","roadway_b_1, roadway_b_2",Not specified,right_rear_1,MINOR,,Vehicle 2: 100%
4,10/26/2019,11:05,AM,"San Francisco, San Francisco","A Cruise autonomous vehicle (“Cruise AV”), operating in autonomous mode, was traveling southeast bound on The Embarcadero near the intersection with Battery Street when the Cruise AV yielded to another vehicle in the left adjacent lane that encroached into the Cruise AV’s lane. The driver of the Cruise AV disengaged from autonomous mode and, shortly thereafter, a second vehicle behind the Cruise AV made contact with the rear bumper of the Cruise AV, damaging the Cruise AV’s right rear bumper, fascia, signal lamp, and radar assembly. There were no injuries reported at the scene by either party and police were not called. Both of the Cruise AV test operators later mentioned neck and back injuries.",No,Chevrolet,Bolt,2020,Yes,,Accord,2007,Yes,"weather_a_1, weather_a_2","road_conditions_h_1, road_conditions_h_2","lighting_a_1, lighting_a_2","roadway_a_1, roadway_a_2",Not specified,"rear_bumper, right_rear_1",MINOR,,Vehicle 1 (AV Operator): 100%
5,10/27/2019,1:50,AM,"San Francisco, San Francisco","A Cruise autonomous vehicle (“Cruise AV”) being driven in conventional mode was involved in a collision while traveling in a private parking lot on the block located between Marina Boulevard and North Point Street on the north and south boundaries and Buchanan and Laguna Streets on the west and east boundaries, respectively. While the driver of the Cruise AV reversed out of its diagonal parking spot, another vehicle simultaneously reversing out of its diagonal parking spot on the other side made contact with the right rear corner of the Cruise AV, damaging the Cruise AV’s right rear tail lamp assembly. There were no injuries and police were not called.",No,Chevrolet,Bolt,2020,Yes,,Civic,2006,Yes,"weather_a_1, weather_a_2","road_conditions_h_1, road_conditions_h_2","lighting_a_1, lighting_a_2","roadway_a_1, roadway_a_2",Not specified,right_rear_1,MINOR,,Undetermined
6,10/28/2019,2:42,AM,"San Francisco, San Francisco","A Cruise autonomous vehicle (“Cruise AV”), operating in autonomous mode, was traveling southeast bound on Howard Street near the intersection with 9th Street when a bicyclist in the right adjacent dedicated bike lane veered away from a wayward pedestrian throwing an unknown object in the bicyclist's direction in the crosswalk. The driver of the Cruise AV disengaged from autonomous mode and, shortly thereafter, the bicyclist veered into the Cruise AV's lane and made contact with the right front passenger door of the Cruise AV. No injuries were reported at the scene by either party. Police were called but not dispatched to the scene. The bicyclist later reported injuries.",No,Chevrolet,Bolt,2020,Yes,,unk,,Yes,"weather_a_1, weather_a_2","road_conditions_h_1, road_conditions_h_2","lighting_a_1, lighting_a_2","roadway_a_1, roadway_a_2",Not specified,Not specified,NONE,,Vehicle 1 (AV Operator): 100%
7,10/29/2019,7:52,AM,"San Francisco, San Francisco","A Cruise autonomous vehicle (“Cruise AV”), operating in autonomous mode, was traveling eastbound in a channelized lane on Beach Street near the intersection with The Embarcadero when it stopped at the traffic light and another vehicle behind the Cruise AV made contact with its rear bumper. There were no injuries reported at the scene by either party and police were not called. The Cruise AV test operators sitting in the driver’s seat and in the backseat later mentioned back pain.",Yes,Chevrolet,Bolt,2020,Yes,,Prius ,2010,Yes,"weather_a_1, weather_a_2","road_conditions_h_1, road_conditions_h_2","lighting_c_1, lighting_c_2","roadway_a_1, roadway_a_2",Not specified,Not specified,NONE,,Undetermined
8,11/7/2019,8:35,AM,"San Francisco, San Francisco","A Cruise autonomous vehicle (“Cruise AV”), operating in autonomous mode, was traveling southwest bound on King Street between 2nd and 3rd Streets when the Cruise AV slowed down. Shortly thereafter, another vehicle, changing into the Cruise AV’s lane from the right adjacent lane, made contact with the right rear corner of the Cruise AV, damaging the Cruise AV’s right rear fascia and a radar mounting bracket. The driver of the other vehicle left the scene without exchanging information. There were no injuries and police were not called.",Yes,Chevrolet,Bolt,2020,Yes,,unk,,Yes,"weather_a_1, weather_a_2","road_conditions_h_1, road_conditions_h_2","lighting_c_1, lighting_c_2","roadway_a_1, roadway_a_2",Not specified,"right_rear_1, right_rear_3",MINOR,,Undetermined
9,11/7/2019,9:10,AM,"San Francisco, San Francisco","A Cruise autonomous vehicle (“Cruise AV”), operating in autonomous mode, was traveling eastbound on 24th Street at the intersection with Mission Street when the Cruise AV yielded to an electric scooterist traveling northbound on Mission Street and violating a red light. The driver of the Cruise AV disengaged from autonomous mode and, shortly thereafter, the electric scooterist made contact with the right rear corner of the Cruise AV, damaging the Cruise AV’s right rear fascia and brake light. The electric scooterist left the scene without exchanging information. There were no injuries and police were not called.",No,Chevrolet,Bolt,2020,Yes,,unk,,Yes,"weather_a_1, weather_a_2","road_conditions_h_1, road_conditions_h_2","lighting_c_1, lighting_c_2","roadway_a_1, roadway_a_2",other_a_no,"right_rear_1, right_rear_3",MINOR,,Vehicle 1 (AV Operator): 100%
10,11/9/2019,9:59,AM,"San Francisco, San Francisco","A Cruise autonomous vehicle (“Cruise AV”), operating in autonomous mode, was traveling southeast bound on 11th Street between Howard and Folsom Streets when the Cruise AV slowed down for a passing motorcyclist behind it. The driver of the Cruise AV disengaged from autonomous mode and, shortly thereafter, the motorcyclist made contact with the left rear corner of the Cruise AV. The collision resulted in damage to both the Cruise AV and the motorcycle. There were no injuries and police were not called.",No,Chevrolet,Bolt,2020,No,,Yamaha YZF-R3,2016,Yes,"weather_a_1, weather_a_2","road_conditions_h_1, road_conditions_h_2","lighting_a_1, lighting_a_2","roadway_a_1, roadway_a_2",Not specified,left_rear_1,MINOR,,Vehicle 2: 100%
11,11/10/2019,12:55,PM,"San Francisco, San Francisco","A Cruise autonomous vehicle (“Cruise AV”) was involved in a collision while parked in conventional mode on the westbound side of Vallejo Street near the intersection with Polk Street. While the Cruise AV was parked parallel to the curb on the street, another vehicle traveling westbound on Vallejo in the left adjacent traffic lane sideswiped and made contact with the left side of the Cruise AV and the parked vehicle in front of the Cruise AV, damaging the Cruise AV’s driver’s side mirror, camera, articulating radar assembly, and doors. The driver of the other vehicle left the scene without exchanging information. There were no injuries and police were not called. ",No,Chevrolet,Bolt,2020,No,,Tiguan,,Yes,"weather_a_1, weather_a_2","road_conditions_h_1, road_conditions_h_2","lighting_c_1, lighting_c_2","roadway_a_1, roadway_a_2",Not specified,"front_driver_side_1, left_rear_passenger_3, front_driver_side_3",UNK,,Vehicle 2: 100%
12,11/18/2019,9:45,AM,"San Francisco, San Francisco","A Cruise autonomous vehicle (“Cruise AV”) being driven in conventional mode was involved in a collision while traveling eastbound on 13th Street near the intersection with Bryant Street. While pulling up behind another vehicle in the left turn lane, the driver of the Cruise AV accelerated and made contact with the other vehicle’s right rear bumper, damaging the Cruise AV’s front right headlight, front center radar, and radar assembly. There were no injuries and police were not called.",No,Chevrolet,Bolt,2020,Yes,,RX350,2015,Yes,"weather_a_1, weather_a_2","road_conditions_h_1, road_conditions_h_2","lighting_a_1, lighting_a_2","roadway_a_1, roadway_a_2",Not specified,"left_front_corner_3, left_front_corner_1",MINOR,,Undetermined
13,11/25/2019,7:00,AM,"San Francisco, San Francisco","A Cruise autonomous vehicle (“Cruise AV”), operating in autonomous mode, was making a right turn from eastbound California Street onto southbound Hyde Street when another vehicle made contact with the Cruise AV’s rear bumper, damaging the rear fascia and the rear center radars. There were no injuries reported at the scene by either party and police were not called. Days after the collision, the Cruise AV test operator sitting in the driver's seat reported injuries. [originally filed 12/4/2019, amended 12/16/2019]",Yes,Chevrolet,Bolt,2020,No,,Ranger,1999,Yes,"weather_a_1, weather_a_2","road_conditions_h_1, road_conditions_h_2","lighting_c_1, lighting_c_2","roadway_a_1, roadway_a_2",Not specified,"rear_bumper, right_rear_1",MINOR,Autonomous Vehicle's Fault,Vehicle 2: 100%
14,11/29/2019,10:41,AM,"San Francisco, San Francisco","A Cruise autonomous vehicle (“Cruise AV”), operating in autonomous mode, was traveling southeast bound on The Embarcadero at the intersection with Washington Street when the Cruise AV slowed down. The driver of the Cruise AV disengaged from autonomous mode and, shortly thereafter, another vehicle made contact with the rear bumper of the Cruise AV, damaging the Cruise AV’s rear fascia assembly and radars. There were no injuries reported at the scene by either party and police were not called. Both of the Cruise AV test operators later mentioned neck and back pain.",No,Chevrolet,Bolt,2020,Yes,,Audi Q4,2014,Yes,"weather_a_1, weather_a_2","road_conditions_h_1, road_conditions_h_2","lighting_a_1, lighting_a_2","roadway_a_1, roadway_a_2",Not specified,"left_rear_1, rear_bumper, right_rear_1",UNK,Autonomous Vehicle's Fault,Vehicle 1 (AV Operator): 100%
15,12/8/2019,9:14,AM,"San Francisco, San Francisco","A Cruise autonomous vehicle (“Cruise AV”), operating in autonomous mode, was stopped at a 4-way stop on southbound 30th Avenue at the intersection with California Street when another vehicle made contact with the Cruise AV’s rear bumper, damaging the rear fascia and rear center radar assembly of the Cruise AV. There were no injuries and police were not called.",Yes,Chevrolet,Bolt,2020,No,,Outback,2016,Yes,"weather_a_1, weather_a_2","road_conditions_h_1, road_conditions_h_2","lighting_a_1, lighting_a_2","roadway_a_1, roadway_a_2",Not specified,rear_bumper,MINOR,Autonomous Vehicle's Fault,Vehicle 2: 100%
16,12/13/2019,7:55,AM,"San Francisco, San Francisco","A Cruise autonomous vehicle (“Cruise AV”) being driven in conventional mode was involved in a collision on Delancey Street south of the intersection with Brannan Street. While the driver of the Cruise AV was reversing out of its perpendicular parking spot on Delancey, another vehicle simultaneously reversing out of its perpendicular parking spot on the opposite side of the street made contact with the rear bumper of the Cruise AV, damaging the Cruise AV’s left tail lamp assembly and rear fascia. There were no injuries reported at the scene by either party and police were not called. Days after the collision, both of the Cruise AV test operators reported injuries.",No,Chevrolet,Bolt,2020,Yes,,Q5,2018,Yes,"weather_a_1, weather_a_2","road_conditions_h_1, road_conditions_h_2","lighting_a_1, lighting_a_2","roadway_a_1, roadway_a_2",Not specified,"left_rear_1, rear_bumper",MINOR,Shared fault,Undetermined
17,12/19/2019,10:27,AM,"San Francisco, San Francisco","A Cruise autonomous vehicle (“Cruise AV”) operating in autonomous mode, was traveling northbound on Leavenworth Street at the intersection with Post Street when the Cruise AV yielded to a public transit bus changing into the Cruise AV’s lane from the right adjacent lane. The driver of the Cruise AV disengaged from autonomous mode and, shortly thereafter, another vehicle made contact with the left rear corner of the Cruise AV, damaging the Cruise AV’s left rear fascia and the other vehicle’s right front fascia. There were no injuries and police were not called.",Yes,Chevrolet,Bolt,2020,Yes,,Sienna,2015,No,"weather_a_1, weather_a_2","road_conditions_h_1, road_conditions_h_2","lighting_a_1, lighting_a_2","roadway_a_1, roadway_a_2",Not specified,"left_rear_1, left_rear_2",MINOR,Autonomous Vehicle's Fault,Vehicle 1 (AV Operator): 100%
18,12/27/2019,4:56,AM,"San Francisco, San Francisco","A Cruise autonomous vehicle (“Cruise AV”), operating in autonomous mode, was traveling southbound on Stanyan Street at the intersection with Beulah Street when a lane-encroaching municipal city bus in the right adjacent lane attempted to pass the Cruise AV. The driver of the Cruise AV disengaged from autonomous mode and, shortly thereafter, the city bus made contact with the right side of the Cruise AV, damaging the Cruise AV’s right articulating radar casing. There were no injuries. Police were called but not dispatched to the scene.",No,Chevrolet,Bolt,2020,Yes,,Bus,,Yes,"weather_a_1, weather_a_2","road_conditions_h_1, road_conditions_h_2","lighting_b_1, lighting_b_2","roadway_a_1, roadway_a_2",Not specified,front_passenger_side_4,MINOR,Not Autonomous Vehicle's fault,Vehicle 1 (AV Operator): 100%
19,1/7/2019,6:54,AM,"San Francisco, San Francisco","A Cruise autonomous vehicle (“Cruise AV”), operating in conventional mode, was making a left turn from northeast bound Folsom Street onto northwest bound 11th Street when a scooterist, attempting to pass the Cruise AV on the left, made contact with the front left side of the Cruise AV, damaging the front left fender, radar, and wheel well of the Cruise AV.  The scooterist reported injuries and emergency services and the police arrived at the scene, but the scooterist declined medical treatment.  No police report was available at the time of the filing of this report. ",No,Chevrolet,Bolt,2019,Yes,,Pcx150,2018,Yes,"weather_a_1, weather_a_2","road_conditions_h_1, road_conditions_h_2","lighting_c_1, lighting_c_2","roadway_a_1, roadway_a_2",Not specified,"front_driver_side_1, front_driver_side_3, left_front_corner_1",UNK,,Undetermined
20,1/10/2019,11:29,AM,"San Francisco, San Francisco","A Cruise autonomous vehicle (“Cruise AV”), operating in autonomous mode, was traveling northbound on South Van Ness Street near the Howard Street fork when another vehicle, turning right onto South Van Ness from Howard, made contact with the right rear corner of the Cruise AV, causing damage to the Cruise AV’s rear bumper.  There were no injuries and police were not called.",Yes,Chevrolet,Bolt,2019,Yes,,Prius,2017,Yes,"weather_a_1, weather_a_2","road_conditions_h_1, road_conditions_h_2","lighting_a_1, lighting_a_2",Not specified,Not specified,"right_rear_1, right_rear_3, right_rear_passenger_2",MINOR,,Undetermined
21,2/14/2019,5:30,AM,"San Francisco, San Francisco","Cruise autonomous vehicle (“Cruise AV”), operating in autonomous mode, was traveling southbound on Gough Street at the intersection with Fell Street when the Cruise AV began to yield to a car on its right. The driver of the Cruise AV disengaged from autonomous mode, and shortly thereafter, another vehicle made contact with the center rear bumper of the Cruise AV, damaging the rear radar mounting bracket of the Cruise AV. There were no injuries and police were not called.",No,Chevrolet,Bolt,2019,Yes,,Celica,,Yes,"weather_c_1, weather_c_2","road_conditions_h_1, road_conditions_h_2","lighting_c_1, lighting_c_2","roadway_b_1, roadway_b_2",Not specified,rear_bumper,MINOR,,Vehicle 1 (AV Operator): 100%
22,2/27/2019,6:04,AM,"San Francisco, San Francisco","A Cruise autonomous vehicle (“Cruise AV”), operating in autonomous mode, was traveling southbound on Gough Street between Rose and Haight Streets when another vehicle, following closely behind the Cruise AV, made contact with the rear center bumper of the Cruise AV, damaging two fastening clips on the underside of the Cruise AV’s rear bumper. There were no injuries and police were not called.",Yes,Chevrolet,Bolt,2019,Yes,,Dodge Sprinter,2006,Yes,"weather_a_1, weather_a_2","road_conditions_h_1, road_conditions_h_2","lighting_c_1, lighting_c_2","roadway_a_1, roadway_a_2",Not specified,"left_rear_1, rear_bumper, right_rear_1",MINOR,,Undetermined
23,3/8/2019,1:29,AM,"San Francisco, San Francisco","A Cruise autonomous vehicle (“Cruise AV”), operating in autonomous mode, was making a right turn from 16th Street onto northbound Guerrero Street when another vehicle, entering traffic from a curbside parked position on westbound 16th Street, made contact with the right rear corner of the Cruise AV, damaging the Cruise AV’s rear right bumper, wheel well, and rear parking sensor.  The driver of the other vehicle drove away without exchanging information. There were no injuries and police were not called.",Yes,Chevrolet,Bolt,2019,Yes,,Audi A4,,Yes,"weather_a_1, weather_a_2","road_conditions_h_1, road_conditions_h_2","lighting_c_1, lighting_c_2","roadway_a_1, roadway_a_2",Not specified,"rear_bumper, right_rear_1, right_rear_3",MINOR,,Undetermined
24,3/23/2019,5:28,AM,"San Francisco, San Francisco","A Cruise autonomous vehicle (“Cruise AV”), operating in autonomous mode, was proceeding westbound on Eddy Street at the intersection with Leavenworth Street when another vehicle made contact with the center rear bumper of the Cruise AV, damaging the Cruise AV’s left center rear bumper and radar connector.  Police were not called and no injuries were reported at the scene by either party.  Both of the Cruise AV testers sitting in passenger seats later sought medical attention for neck stiffness.",Yes,Chevrolet,Bolt,2019,Yes,,Ford/ C-Max,2013,Yes,"weather_a_1, weather_a_2","road_conditions_h_1, road_conditions_h_2","lighting_c_1, lighting_c_2","roadway_a_1, roadway_a_2",Not specified,"left_rear_1, rear_bumper",MINOR,,Undetermined
25,3/24/2019,10:50,AM,"San Francisco, San Francisco","A Cruise autonomous vehicle (“Cruise AV”), operating in conventional mode, was making a left turn from southeast bound 11th Street onto northeast bound Folsom Street when the driver of the Cruise AV made contact with the rear driver side door of another vehicle that was proceeding through the green light on southwest bound 11th Street, damaging both the other vehicle’s rear driver side door and wheel well and the Cruise AV’s front left bumper and wheel well.  There were no injuries and police were not called.",No,Chevrolet,Bolt,2019,Yes,,Toyota Prius,2011,Yes,"weather_a_1, weather_a_2","road_conditions_h_1, road_conditions_h_2","lighting_c_1, lighting_c_2","roadway_a_1, roadway_a_2",Not specified,"left_front_corner_3, front_driver_side_3, left_front_corner_1",UNK,,Undetermined
26,4/3/2019,8:32,AM,"San Francisco, San Francisco","Two Cruise autonomous vehicles (“Cruise AV 1” and “Cruise AV 2”), both operating in conventional mode, were stopped side-by-side at the traffic light on southbound Potrero Avenue at the intersection with Alameda Street when a pedestrian in the crosswalk approached both Cruise AVs in the street. The pedestrian struck both vehicles with a foreign object, scratching the front right bumper of Cruise AV 1 and denting the front driver side door of Cruise AV 2. Both drivers of the Cruise AVs immediately drove to safer locations after the incident and contacted the police. There were no injuries. The police later took statements from both drivers of the Cruise AVs and a report was filed as SFPD incident report number 190236884.",No,Chevrolet,Bolt,2019,No,,Bolt,2019,Yes,"weather_a_1, weather_a_2","road_conditions_h_1, road_conditions_h_2","lighting_c_1, lighting_c_2","roadway_a_1, roadway_a_2",Not specified,"front_driver_side_3, right_front_corner_3",MINOR,,Undetermined
27,4/10/2019,10:38,AM,"San Francisco, San Francisco","A Cruise autonomous vehicle (“Cruise AV”), operating in autonomous mode, was traveling northbound on Franklin Street at the intersection with Ellis Street when the Cruise AV began to yield to a lane-splitting motorcyclist on its left rear. The driver of the Cruise AV disengaged from autonomous mode, and shortly thereafter, the motorcyclist made contact with the Cruise AV’s front left radar, damaging the radar’s casing. There were no injuries and police were not called. The motorcyclist did not stop.",No,Chevrolet,Bolt,2019,Yes,,unk,,Yes,"weather_a_1, weather_a_2","road_conditions_h_1, road_conditions_h_2","lighting_a_1, lighting_a_2","roadway_a_1, roadway_a_2",Not specified,front_driver_side_3,MINOR,,Vehicle 1 (AV Operator): 100%
28,4/10/2019,4:52,AM,"San Francisco, San Francisco","A Cruise autonomous vehicle (“Cruise AV”), operating in autonomous mode, was approaching the intersection prior to making a left turn from southbound Lyon Street onto eastbound California Street when the Cruise AV yielded to an overtaking vehicle on its left proceeding straight on southbound Lyon. Once the overtaking vehicle completed its pass, the Cruise AV attempted to continue its left turn when another vehicle directly behind the Cruise AV, attempting to turn right on California, made contact with the Cruise AV’s right rear bumper, damaging the bumper. There were no injuries and police were not called.",Yes,Chevrolet,Bolt,2019,Yes,,Clarity,2017,Yes,"weather_a_1, weather_a_2","road_conditions_h_1, road_conditions_h_2","lighting_a_1, lighting_a_2","roadway_a_1, roadway_a_2",Not specified,right_rear_1,MINOR,,Undetermined
29,4/14/2019,4:38,AM,"San Francisco, San Francisco","A Cruise autonomous vehicle (“Cruise AV”) being driven in conventional mode was involved in a collision while traveling on northbound 36th Avenue between Balboa and Anza Streets. While proceeding straight on 36th, the driver of the Cruise AV made contact with two unoccupied vehicles parked (“parked vehicle 1” and “parked vehicle 2”) on southbound 36th Avenue, damaging the front and rear driver side doors and side mirror of parked vehicle 1 and the front left bumper and wheel well of parked vehicle 2.  The collision also resulted in damage to the Cruise AV’s front left radar, bumper, wheel well, and wheel axle. There were no injuries.",No,Chevrolet,Bolt,2019,Yes,,Honda Ridgeline,,No,"weather_a_1, weather_a_2","road_conditions_h_1, road_conditions_h_2","lighting_c_1, lighting_c_2","roadway_a_1, roadway_a_2",Not specified,"left_front_corner_3, front_driver_side_1, front_driver_side_3, left_front_corner_1",UNK,,Undetermined
30,4/14/2019,11:45,AM,"San Francisco, San Francisco","A Cruise autonomous vehicle (“Cruise AV”) being driven in conventional mode was involved in a collision while traveling on westbound Mason Street between Yacht Road and Javowitz Street. While making a right turn onto an unmarked road, the driver of the Cruise AV made contact with a bicyclist traveling in the eastbound, unprotected bicycle lane on Mason Street. The police were not called. (amended as of 4/30/2019)",No,Chevrolet,Bolt,2019,Yes,,,,Yes,"weather_a_1, weather_a_2","road_conditions_h_1, road_conditions_h_2","lighting_a_1, lighting_a_2","roadway_a_1, roadway_a_2",Not specified,Not specified,NONE,,Undetermined
31,5/2/2019,11:01,AM,"San Francisco, San Francisco","A Cruise autonomous vehicle (“Cruise AV”), operating in autonomous mode, was stopped at a red light on eastbound 24th Street at the intersection with Potrero Avenue when another vehicle approaching from the rear did not come to a complete stop and made contact with the Cruise AV’s rear bumper. The driver of the other vehicle drove away without exchanging information. The Cruise AV tester sitting in the driver’s seat requested medical treatment and emergency services arrived on the scene. SFPD incident report number  was not available at the time of filing of this report.",Yes,Chevrolet,Bolt,2019,No,,Jetta,,Yes,"weather_a_1, weather_a_2","road_conditions_h_1, road_conditions_h_2","lighting_c_1, lighting_c_2","roadway_a_1, roadway_a_2",Not specified,Not specified,NONE,,Offending Vehicle: 100%
32,5/4/2019,4:39,AM,"San Francisco, San Francisco","A Cruise autonomous vehicle (“Cruise AV”), operating in autonomous mode, was approaching the intersection prior to making a left turn from northbound Larkin Street onto westbound McAllister Street when the Cruise AV slowed down. The driver of the Cruise AV disengaged from autonomous mode, and shortly thereafter, another vehicle made contact with the rear bumper of the Cruise AV, damaging the Cruise AV’s right rear bumper. There were no injuries and police were not called.",No,Chevrolet,Bolt,2019,Yes,,Cadillac,,Yes,"weather_a_1, weather_a_2","road_conditions_h_1, road_conditions_h_2","lighting_c_1, lighting_c_2","roadway_a_1, roadway_a_2",Not specified,rear_bumper,MINOR,,Vehicle 1 (AV Operator): 100%
33,5/4/2019,10:56,AM,"San Francisco, San Francisco","A Cruise autonomous vehicle (“Cruise AV”), operating in autonomous mode, was traveling from southbound Steiner Street to southbound Sanchez Street via eastbound Duboce Avenue when a skateboarder traveling through the stop sign on eastbound Duboce made contact with the rear passenger door of the Cruise AV. The skateboarder left the scene without exchanging information. There were no injuries and police were not called.",Yes,Chevrolet,Bolt,2019,Yes,,Unk,,Yes,"weather_a_1, weather_a_2","road_conditions_h_1, road_conditions_h_2","lighting_c_1, lighting_c_2","roadway_a_1, roadway_a_2",Not specified,"right_rear_passenger_2, right_rear_passenger_4",MINOR,,Undetermined
34,5/8/2019,8:55,AM,"San Francisco, San Francisco","A Cruise autonomous vehicle (“Cruise AV”), operating in autonomous mode, was stopped at a red light on northbound Franklin Street at the intersection with Bay Street when a lane-splitting  motorcycle made contact with the Cruise AV’s front right articulating radar, damaging the cover. The motorcyclist did not stop. There were no injuries and police were not called.",Yes,Chevrolet,Bolt,2019,No,,unk.,,Yes,"weather_b_1, weather_b_2","road_conditions_h_1, road_conditions_h_2","lighting_a_1, lighting_a_2","roadway_a_1, roadway_a_2",Not specified,right_front_corner_2,MINOR,,Offending Vehicle: 100%
35,5/13/2019,12:32,PM,"San Francisco, San Francisco","A Cruise autonomous vehicle (“Cruise AV”), operating in autonomous mode, was traveling straight through a green light northbound on Fillmore Street at the intersection with Fell Street when another vehicle, traveling westbound and violating a red light on Fell Street, came into the Cruise AV’s path. The driver of the Cruise AV disengaged from autonomous mode, and thereafter, the Cruise AV and the other vehicle made contact, damaging the other vehicle’s left rear door and the Cruise AV’s front bumper assembly, grill, and both front wheel wells. There were no injuries and police were not called.",No,Chevrolet,Bolt,2019,Yes,,Mazda,2013,Yes,"weather_a_1, weather_a_2","road_conditions_h_1, road_conditions_h_2","lighting_c_1, lighting_c_2","roadway_a_1, roadway_a_2",other_a_no,"left_front_corner_3, left_front_corner_1, right_front_corner_3, right_front_corner_2, left_front_corner_2, right_front_corner_1, front_bumper",UNK,,Vehicle 1 (AV Operator): 100%
36,5/18/2019,7:31,AM,"San Francisco, San Francisco","A Cruise autonomous vehicle (“Cruise AV”), operating in autonomous mode, was about to make a left turn after stopping at the four-way stop sign on westbound Euclid Avenue at the intersection with Palm Avenue when another vehicle made contact with the rear bumper of the Cruise AV. Police were not called and no injuries were reported at the scene by either party. Two of the Cruise AV testers sitting in the driver and front passenger seats later mentioned injuries.",Yes,Chevrolet,Bolt,2019,Yes,,Mazda 3 SW S,2010,Yes,"weather_b_1, weather_b_2","road_conditions_h_1, road_conditions_h_2","lighting_b_1, lighting_b_2","roadway_b_1, roadway_b_2",Not specified,Not specified,NONE,,Undetermined
37,5/24/2019,7:36,AM,"San Francisco, San Francisco","A Cruise autonomous vehicle (“Cruise AV”), operating in autonomous mode, was changing lanes into the left turn lane on eastbound Geary Boulevard between 8th and 9th Avenues when the Cruise AV slowed down.  The driver of the Cruise AV disengaged from autonomous mode and, shortly thereafter, another vehicle  changing into the same lane made contact with the rear bumper of the Cruise AV, damaging the Cruise AV’s bumper.  There were no injuries and police were not called.",Yes,Chevrolet,Bolt,2019,Yes,,Elantra,2017,Yes,"weather_a_1, weather_a_2","road_conditions_h_1, road_conditions_h_2","lighting_a_1, lighting_a_2","roadway_a_1, roadway_a_2",Not specified,right_rear_1,UNK,,Vehicle 1 (AV Operator): 100%
38,6/8/2019,9:02,AM,"San Francisco, San Francisco","A Cruise autonomous vehicle (“Cruise AV”), operating in autonomous mode, was traveling eastbound on Clay Street through the intersection with Van Ness Avenue when another vehicle made contact with the rear right bumper of the Cruise AV, damaging the Cruise AV’s right brake light assembly. There were no injuries and police were not called.",Yes,Chevrolet,Bolt,2019,Yes,,Audi AA,2014,Yes,"weather_a_1, weather_a_2","road_conditions_d_1, road_conditions_d_2","lighting_a_1, lighting_a_2","roadway_a_1, roadway_a_2",Not specified,right_rear_1,MINOR,,Undetermined
39,6/12/2019,12:47,PM,"San Francisco, San Francisco","A Cruise autonomous vehicle (“Cruise AV”), operating in autonomous mode, was traveling in the left lane on northbound Folsom Street between 13th and 12th Streets when another vehicle changed into the Cruise AV’s lane without using its left signal. The driver of the Cruise AV disengaged from autonomous mode and, shortly thereafter, the Cruise AV and the other vehicle made contact, damaging the Cruise AV’s front right bumper, fender, and wheel well. There were no injuries and police were not called.",No,Chevrolet,Bolt,2019,Yes,,E-150 Van,2002,Yes,"weather_a_1, weather_a_2","road_conditions_h_1, road_conditions_h_2","lighting_a_1, lighting_a_2","roadway_a_1, roadway_a_2",other_a_no,"front_passenger_side_4, right_front_corner_3, right_front_corner_2, front_bumper",UNK,,Vehicle 1 (AV Operator): 100%
40,6/13/2019,4:47,AM,"Ssan Francisco, San Francisco","A Cruise autonomous vehicle (“Cruise AV”), operating in autonomous mode, was traveling southbound on Divisadero Street between Pine and Bush Streets when another vehicle made contact with the left rear bumper of the Cruise AV, damaging the bumper and left tail light. There were no injuries and police were not called.",Yes,Chevrolet,Bolt,2019,Yes,,Journey,2019,Yes,"weather_a_1, weather_a_2","road_conditions_h_1, road_conditions_h_2","lighting_a_1, lighting_a_2","roadway_a_1, roadway_a_2",Not specified,"left_rear_1, left_rear_2",MINOR,,Undetermined
41,6/20/2019,9:03,AM,"San Francisco, San Francisco","A Cruise autonomous vehicle (“Cruise AV”), operating in autonomous mode, was making a left turn from the leftmost lane on westbound Bush Street onto northbound Octavia Street when the Cruise AV slowed down. The driver of the Cruise AV disengaged from autonomous mode and, shortly thereafter, another vehicle clipped the Cruise AV’s right rear corner, damaging the right rear bumper cover, wheel well, and wheel. The driver of the other vehicle drove away without exchanging information. There were no injuries. Police were called but not dispatched to the scene.",No,Chevrolet,Bolt,2020,Yes,,UNK,,Yes,"weather_a_1, weather_a_2","road_conditions_h_1, road_conditions_h_2","lighting_c_1, lighting_c_2","roadway_a_1, roadway_a_2",Not specified,"right_rear_1, right_rear_3, right_rear_passenger_2",UNK,,Vehicle 1 (AV Operator): 100%
42,6/23/2019,12:03,PM,"San Francisco, San Francisco","A Cruise autonomous vehicle (“Cruise AV”), operating in autonomous mode, was traveling northbound on Divisadero Street through the intersection with Fell Street when the Cruise AV slowed down. The driver of the Cruise AV disengaged from autonomous mode and, shortly thereafter, another vehicle made contact with the Cruise AV’s rear bumper, damaging the rear bumper and fascia assembly. There were no injuries and police were not called.",No,Chevrolet,Bolt,2020,Yes,,Mercedes- Benz,2012,Yes,"weather_a_1, weather_a_2","road_conditions_h_1, road_conditions_h_2","lighting_a_1, lighting_a_2","roadway_a_1, roadway_a_2",Not specified,"left_rear_1, rear_bumper, right_rear_1",MINOR,,Vehicle 1 (AV Operator): 100%
43,6/26/2019,12:36,PM,"San Francisco, San Francisco","A Cruise autonomous vehicle (“Cruise AV”), operating in autonomous mode, was making a right turn from northbound 10th Avenue onto eastbound California Street when another vehicle made contact with the Cruise AV’s left rear bumper, damaging the upper rear fascia and lower tail light assembly. The driver of the other vehicle drove away without exchanging information. Police were not called and no injuries were reported at the scene by either party. The Cruise AV tester sitting in the driver seat did not report injuries on the scene but later mentioned injuries.",Yes,Chevrolet,Bolt,2020,Yes,,Hyundai,,Yes,"weather_a_1, weather_a_2","road_conditions_h_1, road_conditions_h_2","lighting_c_1, lighting_c_2","roadway_a_1, roadway_a_2",Not specified,"left_rear_1, left_rear_2",MINOR,,Undetermined
44,6/27/2019,9:50,AM,"San Francisco, San Francisco","A Cruise autonomous vehicle (“Cruise AV”), operating in autonomous mode, was making a right turn from northeast bound Bryant Street onto southeast bound 10th Street when another vehicle made contact with the Cruise AV’s left rear corner, damaging the upper left tail lamp assembly. There were no injuries and police were not called.",Yes,Chevrolet,Bolt,2019,Yes,,unk,,Yes,"weather_a_1, weather_a_2","road_conditions_h_1, road_conditions_h_2","lighting_c_1, lighting_c_2","roadway_a_1, roadway_a_2",Not specified,left_rear_1,MINOR,,Undetermined
45,6/29/2019,11:49,AM,"San Francisco, San Francisco","A Cruise autonomous vehicle (“Cruise AV”), operating in autonomous mode, was traveling westbound on Duboce Avenue between Guerrero Street and Market Street when another vehicle made contact with the Cruise AV’s left rear corner, damaging the lower left tail lamp assembly and left rear wheel well. There were no injuries and police were not called.",Yes,Chevrolet,Bolt,2020,Yes,,Town & Country,2016,Yes,"weather_a_1, weather_a_2","road_conditions_h_1, road_conditions_h_2","lighting_c_1, lighting_c_2","roadway_a_1, roadway_a_2",Not specified,"left_rear_1, left_rear_2",MINOR,,Undetermined
46,7/1/2019,10:58,AM,"San Francisco, San Francisco","A Cruise autonomous vehicle (“Cruise AV”), operating in autonomous mode, was traveling northbound on Grant Street between Clay and Washington Streets when another vehicle, completing a left turn from Clay onto Grant, made contact with the left rear corner of the Cruise AV, damaging the left lower tail lamp and rear fascia. The driver of the other vehicle drove away without exchanging information. There were no injuries and police were not called.",Yes,Chevrolet,Bolt,2020,No,,Toyota,,Yes,"weather_a_1, weather_a_2","road_conditions_h_1, road_conditions_h_2","lighting_a_1, lighting_a_2","roadway_a_1, roadway_a_2",Not specified,"left_rear_1, left_rear_2",MINOR,,Vehicle 2: 100%
47,7/2/2019,9:47,AM,"San Francisco, San Francisco","A Cruise autonomous vehicle (“Cruise AV”), operating in autonomous mode, was waiting for oncoming traffic to clear the intersection before making a left turn onto Bush Street from southbound Steiner Street when another vehicle made contact with the right rear corner of the Cruise AV, damaging the Cruise AV’s right rear fascia, bumper, and wheel well. There were no injuries and police were not called.",Yes,Chevrolet,Bolt,2020,No,,BMW 633CSI,1984,Yes,"weather_a_1, weather_a_2","road_conditions_h_1, road_conditions_h_2","lighting_a_1, lighting_a_2","roadway_a_1, roadway_a_2",Not specified,"right_rear_1, right_rear_3",MINOR,,Vehicle 2: 100%
48,7/10/2019,9:59,AM,"San Francisco, San Francisco","A Cruise autonomous vehicle (“Cruise AV”), operating in autonomous mode, was traveling on southeast bound 10th Street between Market and Jessie Streets when another vehicle changing into the same lane made contact with the left rear corner of the Cruise AV, damaging the Cruise AV’s left rear bumper and wheel well. There were no injuries and police were not called.",Yes,Chevrolet,Bolt,2020,Yes,,Suburban K1500,2001,Yes,"weather_a_1, weather_a_2","road_conditions_h_1, road_conditions_h_2","lighting_c_1, lighting_c_2","roadway_a_1, roadway_a_2",Not specified,"left_rear_1, left_rear_2",MINOR,,Undetermined
49,7/10/2019,9:59,AM,"San Francisco, San Francisco","A Cruise autonomous vehicle (“Cruise AV”), operating in autonomous mode, was traveling on southeast bound 10th Street between Market and Jessie Streets when another vehicle changing into the same lane made contact with the left rear corner of the Cruise AV, damaging the Cruise AV’s left rear bumper and wheel well. There were no injuries and police were not called.",Yes,Chevrolet,Bolt,2020,Yes,,Suburban K1500,2001,Yes,"weather_a_1, weather_a_2","road_conditions_h_1, road_conditions_h_2","lighting_c_1, lighting_c_2","roadway_a_1, roadway_a_2",Not specified,"left_rear_1, left_rear_2",MINOR,,Undetermined
50,7/15/2019,11:02,AM,"Ssn Francisco, San Francisco","A Cruise autonomous vehicle (“Cruise AV”), operating in autonomous mode, was traveling eastbound on 14th Street at the intersection with Valencia Street when another vehicle began to change into the Cruise AV’s lane. The driver of the Cruise AV disengaged from autonomous mode and, shortly thereafter, the other vehicle made contact with the right front corner of the Cruise AV, damaging the Cruise AV’s right front fender. There were no injuries and police were not called.",No,Chevrolet,Bolt,2020,Yes,,Yaris,2015,Yes,"weather_a_1, weather_a_2","road_conditions_h_1, road_conditions_h_2","lighting_c_1, lighting_c_2","roadway_a_1, roadway_a_2",Not specified,"front_passenger_side_4, right_front_corner_2",MINOR,,Vehicle 1 (AV Operator): 100%
51,7/17/2019,3:02,AM,"San Francisco, San Francisco","A Cruise autonomous vehicle (“Cruise AV”), operating in autonomous mode, was traveling westbound on Fell Street between Webster and Fillmore Streets when the Cruise AV began to yield to traffic in the left adjacent lane. The driver of the Cruise disengaged from autonomous mode, and shortly thereafter, another vehicle changing into the same lane made contact with the right rear corner of the Cruise AV, damaging the Cruise AV’s rear hatch and window and right rear body and fascia. There were no injuries and police were not called. ",No,Chevrolet,Bolt,2020,Yes,,Explorer,,Yes,"weather_a_1, weather_a_2","road_conditions_h_1, road_conditions_h_2","lighting_a_1, lighting_a_2","roadway_a_1, roadway_a_2",Not specified,"left_rear_1, rear_bumper, right_rear_1, right_rear_3, left_rear_2, left_rear_3, right_rear_2",UNK,,Vehicle 1 (AV Operator): 100%
52,7/20/2019,8:58,AM,"San Francisco, San Francisco","A Cruise autonomous vehicle (“Cruise AV”), operating in autonomous mode, was traveling southwest bound on Mission Street between 1stand 2nd Streets when the Cruise AV slowed down. The driver of the Cruise AV disengaged from autonomous mode and, shortly thereafter,another vehicle made contact with the right rear corner of the Cruise AV, damaging the Cruise AV’s right rear bumper, fender, and hatch.There were no injuries and police were not called.",No,Chevrolet,Bolt,2020,Yes,,4Runner,2017,Yes,"weather_a_1, weather_a_2","road_conditions_h_1, road_conditions_h_2","lighting_c_1, lighting_c_2","roadway_a_1, roadway_a_2",Not specified,"right_rear_1, right_rear_3, right_rear_2",UNK,,Vehicle 1 (AV Operator): 100%
53,7/20/2019,8:58,AM,"San Francisco, San Francisco","A Cruise autonomous vehicle (“Cruise AV”), operating in autonomous mode, was traveling southwest bound on Mission Street between 1stand 2nd Streets when the Cruise AV slowed down. The driver of the Cruise AV disengaged from autonomous mode and, shortly thereafter,another vehicle made contact with the right rear corner of the Cruise AV, damaging the Cruise AV’s right rear bumper, fender, and hatch.There were no injuries and police were not called.",No,Chevrolet,Bolt,2020,Yes,,4Runner,2017,Yes,"weather_a_1, weather_a_2","road_conditions_h_1, road_conditions_h_2","lighting_c_1, lighting_c_2","roadway_a_1, roadway_a_2",Not specified,"right_rear_1, right_rear_3, right_rear_2",UNK,,Vehicle 1 (AV Operator): 100%
54,7/21/2019,6:20,AM,"San Francisco, San Francisco","A Cruise autonomous vehicle (“Cruise AV”) being driven in conventional mode was involved in a collision while traveling on eastbound Jackson Street between Stockton Street and Grant Avenue. While pulling out of a parking spot on Jackson, the driver of the Cruise AV made contact with another vehicle parked in front of it, damaging the Cruise AV’s front bumper assembly, left headlamp assembly, and left front radar. There were no injuries and police were not called.",No,Chevrolet,Bolt,2020,Yes,,RAV4,2012,No,"weather_a_1, weather_a_2","road_conditions_h_1, road_conditions_h_2","lighting_a_1, lighting_a_2","roadway_a_1, roadway_a_2",Not specified,"left_front_corner_3, left_front_corner_1, right_front_corner_3, front_bumper",MINOR,,Undetermined
55,7/21/2019,6:20,AM,"San Francisco, San Francisco","A Cruise autonomous vehicle (“Cruise AV”) being driven in conventional mode was involved in a collision while traveling on eastbound Jackson Street between Stockton Street and Grant Avenue. While pulling out of a parking spot on Jackson, the driver of the Cruise AV made contact with another vehicle parked in front of it, damaging the Cruise AV’s front bumper assembly, left headlamp assembly, and left front radar. There were no injuries and police were not called.",No,Chevrolet,Bolt,2020,Yes,,RAV4,2012,No,"weather_a_1, weather_a_2","road_conditions_h_1, road_conditions_h_2","lighting_a_1, lighting_a_2","roadway_a_1, roadway_a_2",Not specified,"left_front_corner_3, left_front_corner_1, right_front_corner_3, front_bumper",MINOR,,Undetermined
56,7/21/2019,9:01,AM,"San Francisco, San Francisco","A Cruise autonomous vehicle (“Cruise AV”) being driven in conventional mode was involved in a collision while traveling in a private parking lot on the north side of Market Street near the intersection of Duboce Avenue and Church Street. While the driver of the Cruise AV was proceeding towards the parking lot exit, another vehicle reversing out of its perpendicular parking spot made contact with the front right side of the Cruise AV. Police were not called and no injuries were reported at the scene by either party. The Cruise AV tester sitting in the front passenger seat later mentioned a back injury.",No,Chevrolet,Bolt,2020,Yes,,Sienna,,Yes,"weather_a_1, weather_a_2","road_conditions_h_1, road_conditions_h_2","lighting_a_1, lighting_a_2","roadway_a_1, roadway_a_2",Not specified,Not specified,NONE,,Undetermined
57,7/21/2019,9:01,AM,"San Francisco, San Francisco","A Cruise autonomous vehicle (“Cruise AV”) being driven in conventional mode was involved in a collision while traveling in a private parking lot on the north side of Market Street near the intersection of Duboce Avenue and Church Street. While the driver of the Cruise AV was proceeding towards the parking lot exit, another vehicle reversing out of its perpendicular parking spot made contact with the front right side of the Cruise AV. Police were not called and no injuries were reported at the scene by either party. The Cruise AV tester sitting in the front passenger seat later mentioned a back injury.",No,Chevrolet,Bolt,2020,Yes,,Sienna,,Yes,"weather_a_1, weather_a_2","road_conditions_h_1, road_conditions_h_2","lighting_a_1, lighting_a_2","roadway_a_1, roadway_a_2",Not specified,Not specified,NONE,,Undetermined
58,8/4/2019,2:32,AM,"San Francisco, San Francisco","A Cruise autonomous vehicle (“Cruise AV”), operating in autonomous mode, was traveling northbound on Leavenworth Street between Geary and Post Streets when another vehicle changed from the right adjacent lane to ahead of the Cruise AV without using its left signal. The driver of the Cruise AV disengaged from autonomous mode and, shortly thereafter, a second vehicle made contact with the rear bumper of the Cruise AV, damaging the Cruise AV’s rear bumper mounting bracket. Police were not called and no injuries were reported at the scene by either party. The Cruise AV tester sitting in the driver’s seat later mentioned neck pain.",No,Chevrolet,Bolt,2020,Yes,,Fiesta,2018,Yes,"weather_a_1, weather_a_2","road_conditions_h_1, road_conditions_h_2","lighting_a_1, lighting_a_2","roadway_a_1, roadway_a_2",Not specified,left_rear_1,MINOR,,Vehicle 1 (AV Operator): 100%
59,8/7/2019,10:23,AM,"San Francisco, San Francisco","A Cruise autonomous vehicle (“Cruise AV”), operating in autonomous mode, was traveling eastbound on 24th Street between Noe and Sanchez Streets when the Cruise AV yielded to a jaywalking pedestrian and for clearance to maneuver around a double-parked vehicle immediately ahead of it. While the Cruise AV waited, another vehicle pulling out of a driveway and into the Cruise AV’s lane made contact with the left rear corner of the Cruise AV, damaging the Cruise AV’s left rear bumper, fender, and radar. There were no injuries and police were not called.",Yes,Chevrolet,Bolt,2020,No,,NPR,2000,Yes,"weather_a_1, weather_a_2","road_conditions_h_1, road_conditions_h_2","lighting_a_1, lighting_a_2","roadway_a_1, roadway_a_2",Not specified,"left_rear_1, left_rear_2, left_rear_3",UNK,,Vehicle 2: 100%
60,8/10/2019,11:39,AM,"San Francisco, San Francisco","A Cruise autonomous vehicle (“Cruise AV”), operating in autonomous mode, was traveling northbound on Noe Street at the intersection with 14th Street when the Cruise AV yielded to a pedestrian in the north crosswalk. The driver of the Cruise AV disengaged from autonomous mode, and shortly thereafter, another vehicle attempting a left turn from southbound Noe onto eastbound 14th made contact with the left rear corner of the Cruise AV, damaging the Cruise AV’s left rear fascia and wheel well. There were no injuries reported at the scene by either party and police were not called. ",No,Chevrolet,Bolt,2020,No,,Taurus,2000,Yes,"weather_a_1, weather_a_2","road_conditions_h_1, road_conditions_h_2","lighting_c_1, lighting_c_2","roadway_a_1, roadway_a_2",Not specified,"left_rear_1, left_rear_2, left_rear_3, left_rear_passenger_1",MINOR,,Vehicle 2: 100%
61,8/22/2019,1:13,AM,"San Francisco, San Francisco","A Cruise autonomous vehicle (“Cruise AV”), operating in autonomous mode, was traveling westbound on Geary Boulevard between 32nd and 33rd Avenues when another vehicle, traveling in the right adjacent lane, changed into the same lane as the Cruise AV and made contact with the right rear corner of the Cruise AV, damaging the Cruise AV’s right rear fascia and bumper. There were no injuries and police were not called.",Yes,Chevrolet,Bolt,2020,Yes,,Chevrolet,,Yes,"weather_a_1, weather_a_2","road_conditions_h_1, road_conditions_h_2","lighting_a_1, lighting_a_2","roadway_a_1, roadway_a_2",Not specified,"right_rear_1, right_rear_3",MINOR,,Undetermined
62,8/26/2019,9:14,AM,"San Francisco, San Francisco","A Cruise autonomous vehicle (“Cruise AV”), operating in autonomous mode, was traveling westbound on Division Street between Potrero Avenue and Bryant Street when the Cruise AV slowed down in the right turn lane. The driver of the Cruise AV disengaged from autonomous mode, and shortly thereafter, an electric scooterist traveling in the same lane made contact with the rear bumper and fascia of the Cruise AV. The scooterist reported injuries and emergency services and the police arrived at the scene. SFPD incident report number 190633860 was not available at the time of filing of this report.",No,Chevrolet,Bolt,2020,Yes,,,,Yes,"weather_a_1, weather_a_2","road_conditions_h_1, road_conditions_h_2","lighting_c_1, lighting_c_2","roadway_a_1, roadway_a_2",other_a_yes,Not specified,NONE,,Vehicle 1 (AV Operator): 100%
63,9/5/2019,5:33,AM,"San Francisco, San Francisco","A Cruise autonomous vehicle (“Cruise AV”) being driven in conventional mode was involved in a collision after completing a right turn from southwest bound Market Street onto westbound Haight Street at the intersection with Gough Street. As the driver of the Cruise AV proceeded on Haight through Gough, a motor scooterist, proceeding southbound on Gough through the intersection with Haight, made contact with the right rear passenger door of the Cruise AV, denting the door. There were no injuries reported at the scene by either party. Police were called but not dispatched to the scene. Days after the collision, the motor scooterist reported injuries.",No,Chevrolet ,Bolt,2020,Yes,,Vespa,,Yes,"weather_a_1, weather_a_2","road_conditions_h_1, road_conditions_h_2","lighting_a_1, lighting_a_2","roadway_a_1, roadway_a_2",Not specified,right_rear_passenger_2,MINOR,,Undetermined
64,9/9/2019,4:24,AM,"San Francisco, San Francisco","A Cruise autonomous vehicle (“Cruise AV), operating in autonomous mode, was yielding to oncoming traffic prior to making a left turn onto northbound Palm Avenue from eastbound Geary Boulevard when another vehicle made contact with the rear bumper of the Cruise AV. There were no injuries reported at the scene by either party and police were not called. The Cruise AV tester sitting in the front passenger seat later mentioned neck pain.",Yes,Chevrolet,Bolt,2020,No,,Forester,2005,Yes,"weather_a_1, weather_a_2","road_conditions_h_1, road_conditions_h_2","lighting_a_1, lighting_a_2","roadway_a_1, roadway_a_2",Not specified,Not specified,NONE,,Undetermined
65,9/27/2019,11:49,AM,"San Francisco, San Francisco","A Cruise autonomous vehicle (“Cruise AV”), operating in autonomous mode, was traveling eastbound on Clay Street at the intersection with Kearny Street when the Cruise AV slowed down. The driver of the Cruise AV disengaged from autonomous mode and, shortly thereafter, a bicyclist proceeding straight on northbound Kearny Street made contact with the right rear fender of the Cruise AV, damaging its fender. The bicyclist left the scene without exchanging information. There were no injuries and police were not called.",No,Chevrolet,Bolt,2020,No,,unk,,Yes,"weather_a_1, weather_a_2","road_conditions_h_1, road_conditions_h_2","lighting_a_1, lighting_a_2","roadway_a_1, roadway_a_2",Not specified,right_rear_3,MINOR,,Vehicle 2: 100%
66,10/3/2019,4:40,AM,"San Francisco, San Francisco","A Cruise autonomous vehicle (“Cruise AV”), operating in autonomous mode, was traveling northeast bound on Bryant Street between 11th and 10th Streets when the Cruise AV yielded to a parallel parking vehicle ahead on the right. Shortly thereafter, a lane-splitting electric scooterist attempting to change lanes made contact with the left rear corner of the Cruise AV. There were no injuries reported at the scene by either party and police were not called. The electric scooterist later reported injuries.",Yes,Chevrolet,Bolt,2020,No,,unk.,,Yes,"weather_a_1, weather_a_2","road_conditions_h_1, road_conditions_h_2","lighting_a_1, lighting_a_2","roadway_a_1, roadway_a_2",Not specified,Not specified,NONE,,Undetermined
67,10/12/2019,1:23,AM,"San Francisco, San Francisco","A Cruise autonomous vehicle (“Cruise AV”), operating in autonomous mode, was traveling southeast bound on Spear Street between Howard and Folsom Streets when the Cruise AV slowed down to change into the right adjacent lane due to traffic cones ahead. The driver of the Cruise AV disengaged from autonomous mode and, shortly thereafter, a lane-splitting car made contact with the right rear corner of the Cruise AV, damaging the Cruise AV’s right lower tail lamp. The driver of the other vehicle drove away without exchanging information. There were no injuries reported. Police were called but were not dispatched to the scene.",No,Chevrolet,Bolt,2020,Yes,,Mazda,,Yes,"weather_a_1, weather_a_2","road_conditions_d_1, road_conditions_d_2","lighting_a_1, lighting_a_2","roadway_a_1, roadway_a_2",Not specified,"right_rear_1, right_rear_3",MINOR,,Vehicle 1 (AV Operator): 100%
68,2/28/2019,2:06,AM,"Mountain View, Santa Clara","At approximately 2:06 pm on February 28, 2019, a Lyft Autonomous Vehicle (""Lyft AV""), operating in manual mode, was struck at very low speed from behind by a 3rd party passenger vehicle while waiting to make a protected left turn in Mountain View, CA. The driver of the Lyft AV had been inched forward after being stopped at a red light for approximately 105 seconds on NB Shoreline Boulevard while waiting to make a left turn onto Wright Avenue. The driver of the 3rd party passenger vehicle verbally stated that she had pressed both the accelerator and the brake pedal simultaneously. The Lyft AV sustained minor damage to the rear bumper. The 3rd party passenger vehicle sustained minor damage to the front bumper and grill. No injuries were reported and the police were not notified.",No,Ford,Fusion Hybrid,2017,No,,Mercedes Benz E Class 4D 2WD 350,2006,Yes,"weather_a_1, weather_a_2","road_conditions_h_1, road_conditions_h_2","lighting_a_1, lighting_a_2","roadway_a_1, roadway_a_2",Not specified,"left_rear_1, rear_bumper, right_rear_1",MINOR,,Vehicle 2: 100%
69,3/6/2019,8:24,AM,"Palo Alto, Santa Clara","On March 6, 2019 at approximately 8:42 AM, a Lyft Autonomous Vehicle (""Lyft AV""), operating in full manual mode and heading westbound on Alma Street in Palo Alto, made a minor contact with the rear bumper of a 3rd party vehicle during rainy and wet roadway conditions. The driver of the Lyft AV applied the brakes while coming to a stop for traffic before making contact at a very low speed. The Lyft AV sustained minor damage to a front sensor and brake. The 3rd party vehicle appeared to have very minor damage to the bumper but neither driver could confirm at the time. There were no injuries reported and the police were not notified.",No,Ford,Fusion,2018,Yes,,Mazda CX-5 Grand Touring 4D UTV,2016,No,"weather_c_1, weather_c_2",Not specified,"lighting_a_1, lighting_a_2","roadway_b_1, roadway_b_2",Not specified,"left_front_corner_3, right_front_corner_3, front_bumper",MINOR,,Undetermined
70,3/12/2019,4:05,AM,"Mountain View, Santa Clara","On March 12, 2019 at approximately 4:07 pm, a Lyft Autonomous Vehicle (""Lyft AV""), operating at full manual mode, made contact at approximately 2 mph with a parked 3rd party vehicle while reversing during a multi-point turn. There was no driver or passenger present in the  3rd party vehicle. The incident occurred on Pettis Avenue near El Camino Boulevard in Mountain View, CA. Minor damage is limited to the left rear bumper area of the Lyft AV (A010) and the left rear driver's side of the 3rd party, pending further inspection. The owner of the 3rd party vehicle came outside to exchange information with the operators. No injuries were reported and the police were not notified.",No,Ford,Fusion,2018,Yes,,A4 Audi,,No,"weather_a_1, weather_a_2","road_conditions_h_1, road_conditions_h_2","lighting_a_1, lighting_a_2","roadway_a_1, roadway_a_2",Not specified,left_rear_1,MINOR,,Undetermined
71,4/11/2019,11:31,AM,"San Francisco, San Francisco","On April 11, 2019 at approximately 11:31 am, a Lyft Autonomous Vehicle operating in manual mode was involved in an incident with a moving third party vehicle. The incident occurred after making a right turn from Natoma Street and 6th Street in San Francisco, CA. Lyft was proceeding straight in the right lane when the third party vehicle aggressively swerved into the right lane, cutting broadside in front of the Lyft AV, and came to a complete stop, causing unavoidable impact from the Lyft AV at approximately 1 mph. The Lyft AV sustained damage to the front left bumper, fender, and left lidar sensor. The third party vehicle sustained damage to the right rear quarter panel and rear passenger door. Lyft AV operators called 911 due to hostile behavior of the third party driver and emergency vehicles responded to the scene. No injuries were reported by the first responders or the team in the Lyft AV.",No,Ford,Fusion,2018,Yes,,Toyota Prius,2015,Yes,"weather_a_1, weather_a_2",Not specified,"lighting_a_1, lighting_a_2","roadway_a_1, roadway_a_2",Not specified,"left_front_corner_3, left_front_corner_1",MINOR,,Undetermined
72,5/2/2019,3:50,AM,"Palo Alto, Santa Clara","At approximately 3:50 pm, the Lyft autonomous vehicle (""Lyft"") was traveling northbound on San Antonio Road in Palo Alto while in manual mode when a third-party vehicle made contact with rear bumper at a very low speed. At the time of contact, was stopped for traffic for approximately 2 seconds during stop and go traffic. No visible damage was noted by either party at the scene. No injuries were reported and local law enforcement was not called.",No,Ford,Fusion,2018,No,,Ford Fusion,2017,Yes,"weather_a_1, weather_a_2","road_conditions_h_1, road_conditions_h_2","lighting_a_1, lighting_a_2","roadway_a_1, roadway_a_2",Not specified,"left_rear_1, rear_bumper, right_rear_1",MINOR,,Vehicle 2: 100%
73,11/19/2019,2:04,AM,"Palo Alto, Santa Clara","On November 19, 2019 at approximately 2:04pm in clear weather, a Lyft Autonomous Vehicle (“Lyft AV”) was travelling at 29.6mph in autonomous mode northbound in the right lane on El Camino Real Blvd in Palo Alto, CA when the Safety Driver commanded manual mode with steering and brake inputs in immediate reaction to the third party vehicle in the adjacent center lane abruptly cutting in to the AV's lane, apparently attempting to make a last-second right turn onto Medical Foundation Drive.  Approximately 1.5 seconds later, the third party vehicle collided with AV which was then travelling at 14mph. The third party passenger vehicle made contact with the Lyft AV’s front left lidar sensor and the driver side fender.  Damage was limited to the third party’s passenger side door and passenger side fender, and the Lyft AV’s front bumper, left bumper lidar sensor and driver side fender. No injuries were reported and law enforcement was not called.",No,Ford,Fusion,2018,No,,Outback,2019,No,Not specified,Not specified,Not specified,Not specified,Not specified,Not specified,UNK,,Undetermined
74,6/26/2019,2:26,AM,"Fremont, Alameda","A Pony.AI autonomous vehicle (""Pony AV"") in autonomous mode was traveling southbound on Pine Street heading towards Cameron Hills Drive.  A passenger vehicle traveling southbound behind the Pony AV crossed the traffic line and entered the northbound lane of Pine Street in an attempt to pass the Pony AV.  The Pony AV's speed remained consistent.  After passing the Pony AV by about a quarter car length, the passenger vehicle abruptly turned back into the southbound lane of Pine Street such that it was in very close proximity to the front of the Pony AV.  The passenger vehicle then suddenly decelerated.  The Pony AV's safety driver disengaged autonomous mode and manually applied the brake.  As a result of the passenger vehicle's sudden deceleration, the Pony AV's front-left bumper made contact with the back-right bumper of the passenger vehicle causing minor scratches to both vehicles.  The safety driver of the Pony AV and the driver of the passenger vehicle stopped to exchange information.  No injuries were reported and the police were not called.",No,Lincoln,MKZ,2018,No,,Tesla Model 3 ,,No,Not specified,Not specified,Not specified,Not specified,Not specified,Not specified,UNK,,Vehicle 1 (AV Operator): 100%
75,7/12/2019,5:00,AM,"Milpitas, Alameda","A Pony.ai autonomous vehicle (""Pony AV"") in autonomous mode was stopped at a red light at the intersection of Dixon Landing Road and California Circle. While stopped at the red light, the Pony AV's safety driver noticed that the reverse lights of the vehicle directly in front of the Pony AV (""Vehicle 2"") were on. The Pony AV's safety driver disengaged autonomous mode, observed that there were no vehicles directly behind it, and reversed 20-30 feet as a precaution. When the traffic light turned green, Vehicle 2 accelerated while still in reverse toward the Pony AV.  Vehicle 2 came to a complete stop about 4 feet from the Pony AV's front bumper. After about 2 seconds, however, Vehicle 2 continued to reverse in the direction of the Pony AV, resulting in contact between the two vehicles. The contact caused minor scratches to both vehicles. The Pony AV's safety driver and the driver of Vehicle 2 pulled over at a nearby parking lot and exchanged information. There were no injuries reported and the police were not called.",No,Lincoln,MKZ,2018,No,,Civic LX,2011,Yes,"weather_a_1, weather_a_2","road_conditions_h_1, road_conditions_h_2","lighting_a_1, lighting_a_2","roadway_a_1, roadway_a_2",Not specified,front_bumper,MINOR,,Vehicle 1 (AV Operator): 100%
76,1/26/2019,3:24,AM,"Mountain View, Santa Clara","Per the DMV's request of 02/21/2019, Waymo is resubmitting this OL316 so the DMV's digital version is compliant with accessibility requirements under AB 434. Waymo's original report was submitted on 01/31/2019.

A Waymo Autonomous Vehicle (“Waymo AV”) in manual mode was yielding to check for cross traffic while in the slip lane to turn from southbound Shoreline Boulevard to westbound El Camino Real in Mountain View when it was rear-ended by a passenger vehicle. The Waymo AV sustained minor damage to the rear left of the vehicle, and the passenger vehicle had minor damage to the front right of the vehicle. No injuries were reported.",No,Chrysler,Pacifica,2017,No,,Toyota RAV4,2014,Yes,"weather_a_1, weather_a_2","road_conditions_h_1, road_conditions_h_2","lighting_a_1, lighting_a_2","roadway_a_1, roadway_a_2",Not specified,left_rear_1,MINOR,,Vehicle 2: 100%
77,2/6/2019,9:08,AM,"Mountain View, Santa Clara","Per the DMV's request of 02/21/2019, Waymo is resubmitting this OL316 so the DMV's digital version is compliant with accessibility requirements under AB 434. Waymo's original report was submitted on 02/14/2019.

A Waymo Autonomous Vehicle (“Waymo AV”) was stopped in autonomous mode in the slip-lane from northbound Shoreline Boulevard to northbound Central Expressway in Mountain View when it was rear-ended. The Waymo AV was yielding to approaching traffic from the left when a passenger vehicle rear-ended the Waymo AV while travelling approximately 4 MPH. The Waymo AV sustained minor damage to the rear bumper, and the passenger vehicle had minor damage to its front bumper. No injuries were reported at the scene but the two operators in the Waymo AV later reported minor headache and neck soreness. They sought medical attention and both were cleared to return to work.",Yes,Chrysler,Pacifica,2017,No,,Lexus IS250,2007,Yes,"weather_b_1, weather_b_2","road_conditions_h_1, road_conditions_h_2","lighting_a_1, lighting_a_2","roadway_a_1, roadway_a_2",other_e,"left_rear_1, rear_bumper",MINOR,,Vehicle 2: 100%
78,2/10/2019,4:14,AM,"Mountain View, Santa Clara","Per the DMV's request of 02/21/2019, Waymo is resubmitting this OL316 so the DMV's digital version is compliant with accessibility requirements under AB 434. Waymo's original report was submitted on 02/19/2019.

A Waymo Autonomous Vehicle (“Waymo AV”) was traveling in autonomous mode in the far right lane on southbound Highway 85 passing El Camino Real in Mountain View. A passenger vehicle entered the highway from El Camino Real and made an unsafe maneuver by crossing over a solid white line and cutting-in to the Waymo AV’s lane. Out of an abundance of caution, the Waymo AV’s test driver disengaged the autonomous mode on the Waymo AV and made an evasive maneuver into the left adjacent lane at approximately 45 MPH. As the test driver made the maneuver, the Waymo AV came into contact with a second passenger vehicle that had been approaching from behind in the left adjacent lane. The Waymo AV sustained minor damage and tire marks to the driver side of the vehicle, and the second passenger vehicle sustained no damage. The driver of the second passenger vehicle stopped to exchange information with the Waymo test driver, but after volunteering that there was no damage to their vehicle, left the scene. The first passenger vehicle did not stop. There were no injuries reported.",No,Chrysler,Pacifica,2017,Yes,,Chevrolet Traverse,UNK,Yes,"weather_a_1, weather_a_2","road_conditions_h_1, road_conditions_h_2","lighting_a_1, lighting_a_2","roadway_a_1, roadway_a_2",other_i,"front_driver_side_1, left_rear_passenger_3, front_driver_side_3, left_rear_2, left_rear_passenger_1",MINOR,,Vehicle 1 (AV Operator): 100%
79,2/26/2019,6:56,AM,"Los Altos, Santa Clara","A Waymo Autonomous Vehicle (“Waymo AV”) was stopped in autonomous mode at the intersection of Miramonte Avenue and Covington Road in Los Altos when it was involved in a collision. The Waymo AV was traveling northbound on Miramonte Avenue, when it reached a four-way stop sign intersection. The Waymo AV stopped to yield to another vehicle at the intersection, at which time a passenger vehicle rear-ended the Waymo AV at approximately 39 MPH. At the time of the collision the Waymo AV had been stopped for approximately 1.5 seconds. The Waymo AV sustained major damage to its rear bumper, rear hatch, and rear quarter panels, and the passenger vehicle sustained major damage to its front bumper, hood, and front quarter panels. First responders attended to the scene, but neither party reported injuries.",Yes,Chrysler,Pacifica,2017,No,,Mazda 3,2011,Yes,"weather_b_1, weather_b_2","road_conditions_h_1, road_conditions_h_2","lighting_b_1, lighting_b_2","roadway_b_1, roadway_b_2",Not specified,"left_rear_1, rear_bumper, right_rear_1, right_rear_3, left_rear_2",MAJOR,,Vehicle 2: 100%
80,3/26/2019,9:09,AM,"Palo Alto, Santa Clara","A Waymo Autonomous Vehicle (“Waymo AV”) was traveling in manual mode when it was involved in a collision at the intersection of E. Charleston Road and San Antonio Road in Palo Alto. The Waymo AV was traveling eastbound on E. Charleston Road in manual mode when the test driver made a lane change from the middle lane to the adjacent right lane. As the test driver completed the lane change, the test driver braked before the intersection as the traffic light at San Antonio Road changed from yellow to red. A passenger vehicle then rear-ended the Waymo AV at approximately 15 MPH. The Waymo AV sustained minor damage to the passenger side of the rear bumper, and the passenger vehicle sustained minor damage to the driver side of the front bumper. No injuries were reported at the scene.",No,Chrysler,Pacifica,2017,Yes,,Scion xA,2006,Yes,"weather_a_1, weather_a_2","road_conditions_h_1, road_conditions_h_2","lighting_a_1, lighting_a_2","roadway_b_1, roadway_b_2",Not specified,"rear_bumper, right_rear_1",MINOR,,Vehicle 2: 100%
81,5/15/2019,6:08,AM,"Mountain View, Santa Clara","A Waymo Autonomous Vehicle (“Waymo AV”) in autonomous mode was yielding to check for cross traffic while in the slip lane to turn from southbound Shoreline Boulevard to westbound El Camino Real in Mountain View when it was rear-ended by a passenger vehicle at approximately 5 MPH. The Waymo AV sustained minor damage to its rear bumper, and the passenger vehicle had minor damage to its front bumper. The two Waymo AV operators reported neck/back pain but declined medical attention at the scene.",Yes,Chrysler,Pacifica,2017,No,,Mazda B2300,1997,Yes,"weather_b_1, weather_b_2","road_conditions_h_1, road_conditions_h_2","lighting_a_1, lighting_a_2","roadway_a_1, roadway_a_2",Not specified,rear_bumper,MINOR,,Vehicle 2: 100%
82,5/22/2019,5:23,AM,"Mountain View, Santa Clara","A Waymo Autonomous Vehicle (“Waymo AV”) in autonomous mode was yielding to check for cross traffic while in the slip lane to turn from northbound Whisman Station Drive to southbound S. Whisman Road in Mountain View when it was rear-ended by a passenger vehicle at approximately 7 MPH. The Waymo AV sustained minor damage to its rear bumper, and the passenger vehicle had minor damage to its front bumper. There were no injuries reported at the scene.",Yes,Chrysler,Pacifica,2017,No,, Lexus IS350,2015,Yes,"weather_b_1, weather_b_2","road_conditions_h_1, road_conditions_h_2","lighting_a_1, lighting_a_2","roadway_a_1, roadway_a_2",Not specified,rear_bumper,MINOR,,Vehicle 2: 100%
83,5/29/2019,4:07,AM,"Palo Alto, Santa Clara","A Waymo Autonomous Vehicle (“Waymo AV”) in autonomous mode was stopped in traffic while in the leftmost lane on southbound San Antonio Road headed toward Charleston Road in Palo Alto when it was rear-ended by a passenger vehicle maneuvering into the Waymo AV’s lane at approximately less than 1 MPH. The Waymo AV sustained minor scratches to its rear sensor, and the passenger vehicle left the scene. There were no injuries reported at the scene.",Yes,Chrysler,Pacifica,2017,No,,Honda Civic,UNK,Yes,"weather_a_1, weather_a_2","road_conditions_h_1, road_conditions_h_2","lighting_a_1, lighting_a_2","roadway_a_1, roadway_a_2",Not specified,rear_bumper,MINOR,,Vehicle 2: 100%
84,6/16/2019,11:30,AM,"Palo Alto, Santa Clara","A Waymo Autonomous Vehicle (“Waymo AV”) was stopped in autonomous mode on the off-ramp from westbound Alma Street to southbound Oregon Expressway in Palo Alto when it was rear-ended. The Waymo AV was yielding to cross-traffic when a passenger vehicle made contact with the Waymo AV’s rear bumper at approximately 5 MPH. The Waymo AV sustained minor damage to the rear bumper, and the passenger vehicle left the scene without stopping or exchanging information. The Waymo AV driver complained of neck, back, and nose pain and was treated at the scene by emergency responders. ",Yes,Chrysler,Pacifica,2017,No,,Honda Accord,,Yes,"weather_a_1, weather_a_2","road_conditions_h_1, road_conditions_h_2","lighting_a_1, lighting_a_2","roadway_a_1, roadway_a_2",other_e,"left_rear_1, rear_bumper",MINOR,,Vehicle 2: 100%
85,7/8/2019,3:10,AM,"Mountain View, Santa Clara","A Waymo Autonomous Vehicle (“Waymo AV”) was stopped in autonomous mode on southbound Escuela Avenue at El Camino Real in Mountain View when it was side-swiped. The Waymo AV was stopped in traffic at a red light when a passenger vehicle attempted to pass the Waymo AV on the right, and made contact with a sensor on the Waymo AV’s passenger side front fender at approximately 1 MPH. The Waymo AV’s sensor housing sustained a minor scratch, and the passenger vehicle sustained a minor scratch to its driver side mirror. There were no injuries reported at the scene. ",Yes,Chrysler,Pacifica,2017,No,,Toyota 86,2018,Yes,"weather_a_1, weather_a_2","road_conditions_h_1, road_conditions_h_2","lighting_a_1, lighting_a_2","roadway_a_1, roadway_a_2",Not specified,front_passenger_side_4,MINOR,,Offending Vehicle: 100%
86,8/9/2019,7:45,AM,"Palo Alto, Santa Clara","A Waymo Autonomous Vehicle (“Waymo AV”) was in autonomous mode on the off-ramp from eastbound Alma Street to southbound Oregon Expressway in Palo Alto when it was rear-ended. The Waymo AV was traveling approximately less than 1 MPH and yielding to cross-traffic when a passenger vehicle made contact with the Waymo AV’s rear bumper at approximately 5 MPH. The Waymo AV sustained minor damage to the rear bumper, and the passenger vehicle sustained minor damage to its front bumper. There were no injuries reported at the scene. ",Yes,Chrysler,Pacifica,2017,Yes,,Subaru Outback,2018,Yes,"weather_a_1, weather_a_2","road_conditions_h_1, road_conditions_h_2","lighting_a_1, lighting_a_2","roadway_a_1, roadway_a_2",other_e,"left_rear_1, rear_bumper",MINOR,,Undetermined
87,8/9/2019,9:56,AM,"Mountain View, Santa Clara","A Waymo Autonomous Vehicle (“Waymo AV”) was stopped in autonomous mode on southbound N. Shoreline Boulevard at W. Middlefield Road in Mountain View when a bicyclist made contact with the side of the Waymo AV. The Waymo AV was traveling in the far right lane on N. Shoreline Boulevard and slowing for a red light at W. Middlefield Road, when a bicyclist began to cross all lanes of traffic from the east side of N. Shoreline Boulevard to the west side of the boulevard, in a diagonal manner, against the flow of traffic. As the bicyclist approached the Waymo AV, the Waymo AV began braking for the bicyclist. As the Waymo AV came to a stop, the bicyclist then made contact with the driver’s side rear quarter panel of the Waymo AV at approximately 8 MPH. The Waymo AV sustained minor scratches to the driver’s side rear taillight, and the bicyclist, remaining upright, appeared to sustain no damage or injuries as they cycled away from the scene without exchanging information.",Yes,Chrysler,Pacifica,2017,No,,Bicycle,,Yes,"weather_a_1, weather_a_2","road_conditions_h_1, road_conditions_h_2","lighting_a_1, lighting_a_2","roadway_a_1, roadway_a_2",Not specified,left_rear_1,MINOR,,Vehicle 2: 100%
88,8/12/2019,8:15,AM,"Mountain View, Santa Clara","A Waymo Autonomous Vehicle (“Waymo AV”) was in autonomous mode on northbound S. Rengstorff Avenue at Crisanto Avenue in Mountain View when it was rear-ended. After starting to proceed following a red-to-green traffic light change, the Waymo AV yielded to a bicyclist who merged from the bike lane into the Waymo AV’s travel lane, and a passenger vehicle then made contact with the rear bumper of the Waymo AV. The passenger vehicle was traveling at approximately 8 MPH, and the Waymo AV was traveling at approximately 3 MPH. The Waymo AV sustained minor damage to its rear bumper, and the passenger vehicle sustained minor damage to its front bumper. There were no injuries reported at the scene.",Yes,Chrysler,Pacifica,2017,Yes,,Subaru Forester,2016,Yes,"weather_a_1, weather_a_2","road_conditions_h_1, road_conditions_h_2","lighting_a_1, lighting_a_2","roadway_a_1, roadway_a_2",Not specified,"left_rear_1, rear_bumper, right_rear_1",MINOR,,Undetermined
89,8/13/2019,4:31,AM,"Palo Alto, Santa Clara","A Waymo Autonomous Vehicle (“Waymo AV”) was stopped in manual mode in the sliplane from southbound Page Mill Road to northbound Oregon Expressway in Palo Alto when it was rear-ended. The Waymo AV test driver was yielding to approaching traffic when a passenger vehicle made contact with the Waymo AV’s rear bumper at approximately 12 MPH. The Waymo AV sustained minor damage to its rear bumper, and the passenger vehicle sustained minor damage to its front bumper. The Waymo AV test driver and co-driver both reported head and neck pain, but declined medical treatment at the scene. No other injuries were reported. ",No,Chrysler,Pacifica,2017,No,,Nissan Sentra,2009,Yes,"weather_a_1, weather_a_2","road_conditions_h_1, road_conditions_h_2","lighting_a_1, lighting_a_2","roadway_a_1, roadway_a_2",Not specified,"left_rear_1, rear_bumper",MINOR,,Vehicle 2: 100%
90,9/14/2019,2:12,AM,"Los Altos, Santa Clara","A Waymo Autonomous Vehicle (“Waymo AV”) was stopped in autonomous mode in a grocery store parking lot in Los Altos when a passenger vehicle reversed into it. Three passengers were exiting the Waymo AV when the passenger vehicle in the right adjacent parking spot began to reverse out of the parking spot and made contact with the Waymo AV’s passenger side rear quarter panel at approximately 1 MPH. The Waymo AV sustained minor damage to its passenger side sliding rear door and rear quarter panel, and the passenger vehicle sustained minor damage to its rear bumper. No injuries were reported. ",Yes,Chrysler,Pacifica,2017,No,,Hyundai Ioniq,2019,Yes,"weather_a_1, weather_a_2","road_conditions_h_1, road_conditions_h_2","lighting_a_1, lighting_a_2","roadway_a_1, roadway_a_2",Not specified,"right_rear_3, right_rear_passenger_2",MINOR,,Vehicle 2: 100%
91,10/10/2019,12:58,PM,"Mountain View, Santa Clara","A Waymo Autonomous Vehicle (“Waymo AV”) was stopped in autonomous mode in traffic at a red light on southbound Rengstorff Avenue at Central Expressway in Mountain View when it was rear-ended by a passenger vehicle. The passenger vehicle made contact with the Waymo AV’s rear bumper at approximately 1 MPH. The Waymo AV sustained minor damage to its rear bumper, and the passenger vehicle sustained minor damage to its front bumper. No injuries were reported. ",Yes,Chrysler,Pacifica,2017,No,,Toyota Sienna,,Yes,"weather_a_1, weather_a_2","road_conditions_h_1, road_conditions_h_2","lighting_a_1, lighting_a_2","roadway_a_1, roadway_a_2",Not specified,"left_rear_1, rear_bumper",MINOR,,Vehicle 2: 100%
92,10/14/2019,9:03,AM,"Los Altos, Santa Clara","A Waymo Autonomous Vehicle (“Waymo AV”) was stopped in autonomous mode on westbound Cuesta Drive at S. San Antonio Road in Los Altos when it was rear-ended.  The Waymo AV was preparing to make a right-on-red from Cuesta Drive onto northbound S. San Antonio Road and was yielding to cross-traffic when a passenger vehicle made contact with the Waymo AV's rear bumper at approximately 3 MPH. The Waymo AV sustained minor damage to its rear bumper, and the passenger vehicle sustained no damage to its front bumper. No injuries were reported. ",Yes,Chrysler,Pacifica,2017,No,,Nissan NV200S,2019,Yes,"weather_a_1, weather_a_2","road_conditions_h_1, road_conditions_h_2","lighting_c_1, lighting_c_2","roadway_a_1, roadway_a_2",Not specified,rear_bumper,MINOR,,Vehicle 2: 100%
93,10/16/2019,7:45,AM,"Mountain View, Santa Clara","A Waymo Autonomous Vehicle (“Waymo AV”) was stopped in autonomous mode on northbound Distel Drive at El Camino Real in Los Altos when it was rear-ended. The Waymo AV was preparing to make a right-on-red from Distel Drive onto eastbound El Camino Real and was yielding to cross-traffic when a passenger vehicle made contact with the Waymo AV’s rear bumper at approximately 1 MPH. The Waymo AV sustained minor damage to its rear bumper, and the passenger vehicle sustained minor damage to its front bumper. No injuries were reported. ",Yes,Chrysler,Pacifica,2017,No,,BMW X3,2018,Yes,"weather_a_1, weather_a_2","road_conditions_h_1, road_conditions_h_2","lighting_a_1, lighting_a_2","roadway_a_1, roadway_a_2",Not specified,rear_bumper,MINOR,,Vehicle 2: 100%
94,10/18/2019,10:30,AM," Palo Alto, Santa Clara","A Waymo Autonomous Vehicle (“Waymo AV”) was stopped in autonomous mode on the interchange from eastbound Alma Street merging onto southbound Oregon Expressway in Palo Alto when it was rear-ended. The Waymo AV was yielding to cross-traffic when a passenger vehicle made contact with the Waymo AV’s rear bumper at approximately 8 MPH. The Waymo AV sustained minor damage to the rear bumper, and the passenger vehicle sustained minor damage to its front bumper. There were no injuries reported at the scene; the Waymo test driver later reported dizziness but declined medical attention. ",Yes,Chrysler,Pacifica,2017,No,,Toyota Prius,2012,Yes,"weather_a_1, weather_a_2","road_conditions_h_1, road_conditions_h_2","lighting_a_1, lighting_a_2","roadway_a_1, roadway_a_2",other_e,"left_rear_1, rear_bumper",MINOR,,Vehicle 2: 100%
95,10/19/2019,9:40,AM,"Palo Alto, Santa Clara","A Waymo Autonomous Vehicle (“Waymo AV”) was parked in manual mode in a coffee shop parking lot in Palo Alto when a passenger vehicle reversed into it. The Waymo AV was unattended when a passenger vehicle made contact with the Waymo AV’s rear bumper at approximately 2 MPH. The Waymo AV sustained minor damage to the rear bumper, and the passenger vehicle left the scene without exchanging information.",No,Chrysler,Pacifica,2017,No,,Tesla Model S,,Yes,"weather_a_1, weather_a_2","road_conditions_h_1, road_conditions_h_2","lighting_a_1, lighting_a_2","roadway_a_1, roadway_a_2",Not specified,left_rear_1,MINOR,,Vehicle 2: 100%
96,10/28/2019,7:43,AM,"Mountain View, Santa Clara","A Waymo Autonomous Vehicle (“Waymo AV”) was stopped in autonomous mode in the slip lane from southbound Whisman Station Drive to northbound Central Expressway in Mountain View when it was rear-ended. The Waymo AV was yielding to approaching traffic when a passenger vehicle made contact with the Waymo AV’s rear bumper at approximately 11 MPH. The Waymo AV sustained minor damage to its rear bumper, and the passenger vehicle sustained minor damage to its front bumper. The Waymo AV test driver and Waymo passenger in the vehicle both reported neck pain, but declined medical treatment at the scene. No other injuries were reported.",Yes,Chrysler,Pacifica,2017,No,,Honda Accord,2018,Yes,"weather_a_1, weather_a_2","road_conditions_h_1, road_conditions_h_2","lighting_b_1, lighting_b_2","roadway_a_1, roadway_a_2",Not specified,"left_rear_1, rear_bumper, right_rear_1",MINOR,,Vehicle 2: 100%
97,10/28/2019,10:47,AM,"Mountain View, Santa Clara","A Waymo Autonomous Vehicle (“Waymo AV”) was in autonomous mode and beginning to proceed at a green traffic light to turn left from northbound Castro Street to northbound Central Expressway in Mountain View when it was rear-ended at approximately 6 MPH by a passenger vehicle. The Waymo AV sustained minor damage to the rear bumper, and the passenger vehicle left the scene without exchanging information. There were no injuries reported at the scene.",Yes,Chrysler,Pacifica,2017,No,,Porsche Panamera,,Yes,"weather_a_1, weather_a_2","road_conditions_h_1, road_conditions_h_2","lighting_a_1, lighting_a_2","roadway_a_1, roadway_a_2",Not specified,"left_rear_1, rear_bumper",MINOR,,Vehicle 2: 100%
98,11/4/2019,6:22,AM," Palo Alto, Santa Clara","A Waymo Autonomous Vehicle (“Waymo AV”) was stopped in manual mode on the interchange from eastbound Alma Street about to merge onto southbound Oregon Expressway in Palo Alto when it was rear-ended. The Waymo AV was yielding to cross-traffic when a passenger vehicle made contact with the Waymo AV’s rear bumper at approximately 1 MPH. The Waymo AV sustained minor damage to the rear bumper, and the passenger vehicle sustained no damage. There were no injuries reported at the scene. ",No,Chrysler,Pacifica,2017,No,,BMW 535i,2015,Yes,"weather_a_1, weather_a_2","road_conditions_h_1, road_conditions_h_2","lighting_c_1, lighting_c_2","roadway_a_1, roadway_a_2",other_e,rear_bumper,MINOR,,Vehicle 2: 100%
99,12/20/2019,9:13,AM,"Mountain View, Santa Clara","A Waymo Autonomous Vehicle (“Waymo AV”) was stopped in manual mode in the slip lane from southbound Whisman Station Drive to northbound Central Expressway in Mountain View when it was rear-ended. The Waymo AV test driver was yielding to approaching traffic when a passenger vehicle made contact with the Waymo AV’s rear bumper at approximately 2 MPH. The Waymo AV sustained minor damage to its rear bumper, and the passenger vehicle sustained minor damage to its front bumper. No injuries were reported at the scene.",No,Chrysler,Pacifica,2017,No,,Mercedes-Benz C300,2015,Yes,"weather_a_1, weather_a_2","road_conditions_h_1, road_conditions_h_2","lighting_a_1, lighting_a_2","roadway_a_1, roadway_a_2",Not specified,rear_bumper,MINOR,Not Autonomous Vehicle's fault,Vehicle 2: 100%
100,6/11/2019,11:16,AM,"San Francisco, San Francisco","A Zoox vehicle, operating in conventional mode, was coming to a stop at the Grant Ave. and Union St. intersection and traveling less than 2mph, when it was struck on its front bumper by a bicyclist. The Zoox vehicle was traveling northbound on the one-way street when the bicyclist turned left from Union St. onto Grant Ave. and rode into the Zoox vehicle. The bicyclist's left turn caused the bicyclist to travel in the wrong direction on the one-way street. After contact, the cyclist continued traveling southbound (against the one-way) on Grant Ave. despite attempts to get the bicyclist's attention in order to exchange information.",No,Toyota,Highlander,2016,Yes,,Bicycle,,Yes,"weather_a_1, weather_a_2","road_conditions_h_1, road_conditions_h_2","lighting_a_1, lighting_a_2","roadway_a_1, roadway_a_2",Not specified,Not specified,NONE,,Undetermined
101,6/19/2019,11:18,AM,"San Francisco, San Francisco","A Zoox vehicle, operating in manual mode, was traveling southbound on Mason Street at less than 3mph when a cyclist, traveling westbound on Sutter Street at a red light, cycled into the rear end of the Zoox vehicle. The incident occurred when the Zoox vehicle proceeded toward the intersection of Mason and Sutter, the cyclist entered Mason Street against the one-way onto the crosswalk to pass behind the Zoox vehicle. The cyclist then clipped the left rear side of the Zoox vehicle. After contact, the cyclist did not stop to exchange information and continued traveling westbound on Sutter Street.",No,Toyota,Highlander,2016,Yes,,Bicycle,,Yes,"weather_b_1, weather_b_2",Not specified,"lighting_a_1, lighting_a_2","roadway_a_1, roadway_a_2",Not specified,Not specified,NONE,Not Autonomous Vehicle's fault,Offending Vehicle: 100%
102,7/23/2019,8:50,AM,"San Francisco, San Francisco","The Zoox vehicle, traveling southbound on Hyde St. at the Union St. intersection, was in conventional mode and waiting (stationary) to make the left turn from Hyde St. onto Union St. The Zoox vehicle had stopped to yield to an oncoming truck. The truck continued northbound on Hyde Street, and as it passed the Zoox vehicle, its driver-side mirror grazed the driver-side mirror of the Zoox vehicle.",No,Toyota,Highlander,2016,No,,Pickup Truck,,Yes,"weather_a_1, weather_a_2",Not specified,"lighting_c_1, lighting_c_2","roadway_a_1, roadway_a_2",Not specified,front_driver_side_3,MINOR,,Undetermined
103,10/11/2019,12:10,PM,"San Francisco, San Francisco","The stationary Zoox vehicle was in autonomous mode heading northbound on Union St. Contact occurred when the Zoox vehicle was stopped at a stop sign at the intersection of Union St. and Grant St., when it was rear-ended by an electric scooter. The scooter was following closely behind the Zoox vehicle and the scooter driver was not focused on the Zoox vehicle in front of it, when the scooter's front tire made contact with the rear bumper of the Zoox vehicle.  There were no injuries. ",Yes,Toyota,Highlander,2016,No,,Genza 2.0f electric scooter,,Yes,"weather_a_1, weather_a_2","road_conditions_h_1, road_conditions_h_2","lighting_a_1, lighting_a_2","roadway_a_1, roadway_a_2",Not specified,rear_bumper,NONE,,Vehicle 2: 100%
104,10/12/2019,2:00,AM,"San Francisco, San Francisco","The stationary Zoox vehicle was in autonomous mode at the stop sign on Polk St. heading northbound towards Green St. The Zoox vehicle moved forward slightly, then slowed down in caution to a pedestrian on its left and potential oncoming vehicles when the driver of the vehicle behind the Zoox vehicle made contact with the rear bumper of the Zoox vehicle.  There were no injuries.",Yes,Toyota,Highlander,2016,No,,BMW 328 IX,2011,Yes,"weather_a_1, weather_a_2","road_conditions_h_1, road_conditions_h_2","lighting_a_1, lighting_a_2","roadway_a_1, roadway_a_2",Not specified,rear_bumper,NONE,,Vehicle 2: 100%
105,11/22/2019,11:11,AM,"San Francisco, San Francisco","The Zoox vehicle(1) was in conventional mode traveling southbound on 5th Street and making a protected left turn with green arrow ontoFolsom Street. The other party's vehicle(2), while being pursued by members of the San Francisco Police Department, illegally entered theintersection from the opposite direction of travel on 5th Street at a high rate of speed and collided with the front/driver's side corner of theZoox vehicle(1). The force of the impact deployed all front airbags of the Zoox vehicle(1). Both occupants of the Zoox vehicle(1)complained of minor injuries, but declined ambulance transportation.",No,Toyota,Highlander,2016,Yes,,Infinity M35,,Yes,"weather_a_1, weather_a_2","road_conditions_h_1, road_conditions_h_2","lighting_c_1, lighting_c_2","roadway_a_1, roadway_a_2",Not specified,"left_front_corner_3, right_front_corner_3, front_bumper",UNK,Not Autonomous Vehicle's fault,Undetermined
106,12/19/2019,9:45,AM,"San Francisco, San Francisco","On December 19, 2019 at approximately 9:44AM, a Zoox vehicle operating in manual mode was struck on the passenger side fender by a bus. The Zoox vehicle was traveling north on Kearny in the right most lane when the bus attempted to lane change in front of the Zoox vehicle, impacting its front passenger side sensors and fender. The bus was traveling less than 2mph when it hit the Zoox vehicle, which was stopped. There were no injuries.",No,Toyota,Highlander,2016,Yes,,Ford,2014,Yes,"weather_b_1, weather_b_2","road_conditions_h_1, road_conditions_h_2","lighting_a_1, lighting_a_2","roadway_a_1, roadway_a_2",Not specified,"right_front_corner_3, right_front_corner_2",UNK,Not Autonomous Vehicle's fault,Vehicle 2: 100%
107,12/20/2019,9:00,AM,"San Francisco, San Francisco","On December 20, 2019 at approximately 9:00AM, a stationary Zoox vehicle operating in manual mode was struck on its rear drivers' side by another vehicle traveling <10mph. The Zoox vehicle was traveling north on Kearny making a right onto Jackson. The Zoox vehicle was stopped while yielding to a pedestrian crossing Jackson. The vehicle directly behind the Zoox vehicle drove around the left side of the Zoox vehicle in an attempt to pass, clipping the left rear sensors with it's passenger side side-view mirror. There were no injuries.",No,Toyota,Highlander,2016,Yes,,HONDA CIVIC LX,2017,Yes,"weather_b_1, weather_b_2","road_conditions_h_1, road_conditions_h_2","lighting_a_1, lighting_a_2","roadway_a_1, roadway_a_2",Not specified,"left_rear_1, left_rear_2",UNK,Not Autonomous Vehicle's fault,Undetermined
